{
    "Algorithm 1": "Alpha-Beta Pruning",
    "Algorithm 2": "Alpha-Beta Pruning",
    "Average Nodes Visited per Move": 10825.777777777777,
    "Average Time Taken per Move (ms)": 19.613396326700844,
    "Overall Game Time (seconds)": 8.82602834701538,
    "Average Game Tree Size": 97432.0,
    "Average Branches Pruned": 76655.0,
    "Game Outcomes": {
        "X": 0,
        "O": 0,
        "Draw": 50
    },
    "Runtime Per Ten Games": [
        1.7981281280517578,
        3.6017236709594727,
        5.383976459503174,
        7.113711595535278,
        8.82602834701538
    ]
}